customer_id,customer_name,email,signup_date,country
1,Allison Hill,jillrhodes@miller.com,2023-04-14,Macedonia
2,Kristina Baldwin,shaneramirez@gmail.com,2024-05-27,Sri Lanka
3,Jay Ramirez,curtis61@abbott-munoz.com,2024-05-04,Kuwait
4,Valerie Gray,barbara10@hotmail.com,2023-04-11,Sierra Leone
5,Bobby Hall,oramirez@martin-kelly.com,2024-04-13,Vietnam
6,Andrea Reid,stevennelson@watts.com,2023-04-11,Swaziland
7,Ethan Adams,jason76@ellis.net,2023-12-08,Estonia
8,Jessica Silva,wendytaylor@yahoo.com,2022-12-25,Saudi Arabia
9,Brian Burton,cruzcaitlin@yahoo.com,2023-11-30,El Salvador
10,Shannon Smith,kayla51@graham-chavez.com,2023-11-08,Serbia
11,Thomas Harrell,ericfarmer@hotmail.com,2024-06-11,Uzbekistan
12,April Nguyen,hickmannatasha@allen-allen.org,2022-12-16,Belize
13,Rose Spence,donnaarroyo@baker.biz,2023-03-29,Vanuatu
14,Monica Harris,pcarney@yahoo.com,2023-09-21,United Arab Emirates
15,Barbara Walker,chapmanjerry@gmail.com,2022-10-21,Barbados
16,Amy Jones,chad34@washington.org,2024-01-06,Lebanon
17,John Russell,hopkinsmichael@owens-daniel.com,2022-12-02,Iraq
18,Rebecca Rodriguez,amandataylor@ramirez.com,2023-09-25,Sri Lanka
19,Krista Williams,housemelinda@russell.com,2024-08-17,Iran
20,Carmen Smith,sara74@yahoo.com,2024-04-09,Saint Martin
21,Kristi Higgins MD,tanyariley@hotmail.com,2022-12-02,San Marino
22,Anthony Woods,yuchristopher@jones.com,2023-08-25,British Indian Ocean Territory (Chagos Archipelago)
23,Laura Riley,barnesbrandy@stewart.com,2023-04-19,Estonia
24,Michael Evans,smithchristine@hotmail.com,2023-01-01,Barbados
25,Katie Anderson,suarezmike@gmail.com,2023-09-21,Syrian Arab Republic
26,Elizabeth Riggs,sarah12@wilson-rodriguez.net,2023-02-13,Faroe Islands
27,Daniel Cooper,dking@gmail.com,2024-02-20,Jamaica
28,Amanda Cook,evan78@patterson.com,2023-12-13,Argentina
29,Lauren Hernandez,parkerrachel@nolan.com,2024-03-17,Bosnia and Herzegovina
30,Justin Baxter,michellecherry@keith.com,2024-05-10,Uzbekistan
31,Timothy Pham,erik16@garrison.com,2024-07-11,Uruguay
32,Eric Pope,andrewlee@ramirez-jones.com,2023-07-15,Norway
33,Meghan Anthony,wilsontara@gmail.com,2024-01-09,Estonia
34,Kyle Reed,gobrien@gmail.com,2023-08-11,United Arab Emirates
35,Dawn Fletcher,michaeljones@mccall.com,2024-04-27,United Arab Emirates
36,Eric Ortiz,angela36@hotmail.com,2024-10-15,Hong Kong
37,Stephanie Gilbert,akelley@yahoo.com,2023-05-26,Cote d'Ivoire
38,Kevin Pena,nramos@hotmail.com,2023-10-18,South Africa
39,Rebecca Jackson,zachary95@cardenas.com,2023-04-08,Sri Lanka
40,Alexander Sanchez,gibsonolivia@hotmail.com,2023-03-16,Saint Barthelemy
41,Kathleen Sanchez,osbornejeffery@holmes.com,2023-10-05,Burkina Faso
42,Mary Travis,usalazar@hotmail.com,2023-09-12,Switzerland
43,Jill Moore,pgreen@hotmail.com,2023-05-19,Seychelles
44,Kari Allen,reevesjimmy@yahoo.com,2023-06-21,Uganda
45,Brenda Hall,calebrussell@owens.biz,2024-09-17,Sierra Leone
46,Melissa Gates,wsmith@yahoo.com,2024-05-23,Iceland
47,Tiffany Barnes,brobinson@johnson-rogers.biz,2024-04-30,Chad
48,Tamara Hooper,qvargas@miller.com,2024-08-19,Kyrgyz Republic
49,David Murphy,matthew64@yahoo.com,2023-04-29,Syrian Arab Republic
50,Alec Ryan,debraharrington@hotmail.com,2022-11-16,Saudi Arabia
51,David Combs,davidcaldwell@gould.com,2023-02-23,Netherlands
52,Nicole Wilson,daniel04@byrd.com,2022-12-14,Namibia
53,Lori Garcia,hoganashlee@gmail.com,2023-07-12,Marshall Islands
54,Jacob Hunter,atkinsonlynn@gmail.com,2023-09-17,Guyana
55,Sandra Zimmerman,jessicasheppard@yahoo.com,2024-02-06,Sri Lanka
56,Patricia Marshall,melissa14@yahoo.com,2023-04-23,Sao Tome and Principe
57,Leonard Gray,lrosales@lewis-salinas.com,2023-05-21,Turkmenistan
58,Sheryl Peters,allenrichard@chang.info,2023-09-29,Somalia
59,Edward Sullivan,elizabeth57@schmidt.com,2023-07-16,Reunion
60,Eric Hall,david82@robinson.com,2024-04-30,Myanmar
61,Kelly Campbell,kennethward@smith-ferguson.com,2022-11-20,Austria
62,Melissa Martinez,salasaudrey@yahoo.com,2023-10-22,Kazakhstan
63,Vincent King,shortrichard@gmail.com,2024-01-07,Niue
64,Brittany Shepherd,mcknightdavid@yahoo.com,2024-01-29,Nauru
65,Courtney Mills,levans@yahoo.com,2023-06-10,Mongolia
66,Lisa Singh,josephmiller@thompson.com,2022-10-18,Ireland
67,Kirk Carter,jasmine71@hall.org,2024-03-12,Spain
68,Jessica Stephens,margaret10@sparks.org,2024-09-30,France
69,John Torres,vincent77@gmail.com,2024-01-23,Armenia
70,Morgan Munoz,perezemily@matthews.com,2024-01-06,Armenia
71,Casey Stone,howard96@hotmail.com,2024-07-09,Liechtenstein
72,Julie Ortiz,hodgemark@hotmail.com,2023-11-04,France
73,Jennifer Hodges,qmiller@wilson-barton.net,2024-07-17,Afghanistan
74,Kimberly Gutierrez,cindy77@harris.com,2024-10-05,France
75,Michael Martinez,lancesmith@davis-gay.com,2023-10-09,Yemen
76,Ronnie Jimenez,robert77@gmail.com,2023-10-05,Mexico
77,Connor Greene,hillkristy@morgan-french.com,2024-07-14,Afghanistan
78,Edwin Matthews,seanwashington@yahoo.com,2023-12-18,Serbia
79,Jordan Morris,ashleyhall@williams-garner.biz,2023-08-11,Panama
80,Marissa Hernandez,waynelawrence@sawyer.com,2023-11-28,United States Minor Outlying Islands
81,Nathan Ortiz,harrisontanya@hanson-sanders.com,2024-08-07,Greenland
82,Shannon James,cbrennan@hotmail.com,2022-12-08,Dominica
83,Tammie Bright,wgood@padilla.com,2024-09-16,Antarctica (the territory South of 60 deg S)
84,Robert Carter,hthomas@yahoo.com,2023-12-29,Pitcairn Islands
85,Carolyn Miller,tyleraguilar@gmail.com,2023-10-09,Northern Mariana Islands
86,David Smith,erica21@yahoo.com,2023-07-11,Myanmar
87,Victor Vaughn,james67@gmail.com,2023-04-18,Hong Kong
88,Laura Haney,spencedominique@yahoo.com,2022-10-22,Monaco
89,Paula Beltran,kimberly39@yahoo.com,2023-04-04,Norfolk Island
90,David Campos,bergerdebbie@kramer-johnson.com,2024-05-06,Bulgaria
91,Edward Burgess,davidryan@schmidt-mcintyre.com,2023-05-03,United States Minor Outlying Islands
92,Karen Drake,mcdonaldcharles@gmail.com,2024-08-14,Philippines
93,Veronica Coffey,gibbsalexander@hotmail.com,2023-01-19,Korea
94,Paul Baker,daniel37@gmail.com,2024-02-09,Turks and Caicos Islands
95,Erin Bishop,tblankenship@ortiz.com,2023-11-02,Brazil
96,Stephen Taylor,ellen86@hotmail.com,2024-05-14,Saint Lucia
97,Jason Garcia,rcrosby@gmail.com,2024-04-04,Heard Island and McDonald Islands
98,Jeremy Young,pollardmichael@hotmail.com,2023-07-21,Bahamas
99,Colton Martinez,batesdarlene@hotmail.com,2022-11-01,Australia
100,Dana Martinez,gallegosangela@robinson.com,2024-06-19,United Arab Emirates
101,Destiny Riggs,lauren10@smith.org,2023-06-24,Andorra
102,Anthony Harmon,alvarezkimberly@wheeler.org,2022-11-18,Saint Lucia
103,Sharon Boyd,browntimothy@yahoo.com,2023-09-12,Poland
104,Micheal Wallace,charlene12@weber-richards.com,2023-08-07,Nauru
105,Jody Jacobs,farrelldebra@le.com,2023-09-02,Guadeloupe
106,Jennifer Blair,qedwards@yahoo.com,2023-02-11,Poland
107,Andrea Decker,vdavis@cain-hawkins.org,2023-12-26,Moldova
108,Bryan Gomez,schmittcaroline@yahoo.com,2023-01-04,Montserrat
109,Brittney Olson,megan51@andrews-aguirre.net,2024-06-03,Svalbard & Jan Mayen Islands
110,Megan Hawkins,whitejacqueline@yahoo.com,2024-09-30,Guadeloupe
111,Christopher Thomas,thomascynthia@gmail.com,2022-12-26,San Marino
112,Jamie Chavez,larry59@miller.org,2022-11-23,Peru
113,Jeremy Coleman,wnelson@hotmail.com,2023-01-12,Guatemala
114,Douglas Gregory,brandon69@gmail.com,2022-10-21,Costa Rica
115,Daniel Taylor,mark07@hotmail.com,2023-09-15,China
116,Joseph Hall,sandersjudy@yahoo.com,2022-10-30,Kuwait
117,Shannon Johnston,zroberts@gmail.com,2023-06-25,Chile
118,Lisa Collier,kimdaniel@yahoo.com,2024-01-16,Iran
119,Jennifer Collins,masonjackson@hotmail.com,2024-02-19,Brazil
120,Cheyenne Parsons,joelthomas@gmail.com,2023-02-27,Netherlands Antilles
121,Peter Jones,wwebster@hotmail.com,2023-09-29,Pitcairn Islands
122,Kristy Reid,edward17@yahoo.com,2024-02-18,Gabon
123,Leslie Bell,steven00@decker-jones.com,2024-02-05,Nauru
124,Julie Spencer,kstout@lopez.com,2023-09-30,Bosnia and Herzegovina
125,Sara Haas,benjaminzimmerman@warren-bishop.com,2023-08-01,United States Virgin Islands
126,Jason Morgan,cameron18@hughes.org,2024-08-24,Canada
127,Kevin Thomas,tammy62@hotmail.com,2024-04-18,Wallis and Futuna
128,Justin Schneider,elizabethcalderon@hotmail.com,2024-03-31,United States Minor Outlying Islands
129,Maria Henderson,coxhenry@gmail.com,2023-07-08,Yemen
130,Cheryl Cooke,phillipskristin@wise.com,2024-03-13,Guadeloupe
131,Lisa Harper,henryschwartz@lamb.biz,2023-07-25,Philippines
132,Tracy Bishop,amandacollins@yahoo.com,2024-09-17,Syrian Arab Republic
133,Michael Hudson,xhammond@yahoo.com,2023-11-10,Malta
134,Christopher Gonzalez,brett75@villa.com,2023-05-25,Belize
135,Denise Whitehead,odavis@wilkerson-arias.biz,2022-11-26,Indonesia
136,Cynthia Vang,anthonygalvan@hotmail.com,2024-03-03,Grenada
137,Brenda Mitchell,katherineharrison@hotmail.com,2022-10-20,United Kingdom
138,David Conley,parsonsjohn@gmail.com,2022-11-22,Dominican Republic
139,Riley Bryant,bcarlson@robertson.biz,2022-10-17,New Zealand
140,Kenneth Lopez,carlos88@hartman.info,2022-11-18,Norfolk Island
141,James Burgess,cooperjessica@hotmail.com,2023-01-04,Sierra Leone
142,Nicole Anderson,lisa27@hotmail.com,2023-10-22,Niue
143,Chad Baldwin,carterbradley@gmail.com,2024-09-03,Armenia
144,Eric Sanders,benjamin34@yahoo.com,2024-08-15,Slovakia (Slovak Republic)
145,Matthew Nelson,vpreston@yahoo.com,2024-09-09,Zimbabwe
146,William Crawford,sandra84@gmail.com,2024-05-02,Jamaica
147,Lance Short,curtis54@yahoo.com,2023-09-27,Netherlands Antilles
148,Carol Wallace,acostarhonda@hotmail.com,2023-09-18,Falkland Islands (Malvinas)
149,Rebecca Brown,william20@gmail.com,2024-08-05,Netherlands
150,Jessica Martinez,michael90@hernandez.info,2024-05-30,Belarus
151,Kendra Sanders,susanjohnson@gmail.com,2023-11-07,Malaysia
152,Justin Green,nlewis@yahoo.com,2024-04-07,United States Virgin Islands
153,Mrs. Brandy Jones MD,cochrantammy@yahoo.com,2024-03-17,Guatemala
154,Krista Roberts,jenniferho@hotmail.com,2023-02-28,South Africa
155,Danny Galloway,kristyjohnson@armstrong.com,2024-02-03,Turks and Caicos Islands
156,Eric Key,khammond@gmail.com,2023-01-21,Ghana
157,Joanna Frazier,nataliedeleon@hotmail.com,2024-01-15,Cocos (Keeling) Islands
158,Betty Shaw,holmeskevin@morris.com,2023-07-11,Yemen
159,Stephanie Singleton,cynthiapierce@gmail.com,2024-02-13,Gabon
160,Anna Davidson,donnale@morgan.com,2022-12-18,Aruba
161,Patricia Baker,bmontgomery@small-gardner.com,2023-10-26,Ecuador
162,Melinda Evans,moorerobert@harris-lawson.com,2024-08-15,Saint Barthelemy
163,William Reed,kathleenrobertson@gmail.com,2023-06-20,Dominican Republic
164,Derek Wright,robertspatrick@barnes.com,2024-10-10,Montserrat
165,Cheryl Moore,fkoch@gmail.com,2022-12-24,Western Sahara
166,Jim Allen,williamstroy@hotmail.com,2024-03-21,Latvia
167,Adam Rodriguez,jessica65@morales.net,2023-03-16,Guyana
168,Angel Gordon,andersoncolin@yahoo.com,2024-06-24,Guadeloupe
169,Holly Thomas,williamsderrick@yahoo.com,2024-07-01,Lebanon
170,Brittany Barry,sarah52@ewing-stevenson.com,2024-01-20,Guadeloupe
171,Katrina Burns,xcabrera@yahoo.com,2024-03-22,Bouvet Island (Bouvetoya)
172,Lauren Robles,pbaker@lane.com,2023-11-27,Niue
173,Patricia James,armstrongjackie@smith.biz,2023-02-10,Isle of Man
174,Jennifer Hampton,thorntonapril@hotmail.com,2023-06-25,Panama
175,James Frye,amy49@yahoo.com,2023-03-14,Egypt
176,Edwin David,janet75@yahoo.com,2023-07-13,Moldova
177,Rebecca Hill,zhuang@blevins-ballard.com,2022-11-17,France
178,Angela Bradshaw,ilewis@yahoo.com,2024-10-09,Moldova
179,Breanna Gilbert,brentstein@little.com,2023-09-02,Greenland
180,Ashlee Townsend,richarddonovan@woods-gonzalez.com,2023-06-22,France
181,Susan Davis,gentrygregory@peck.biz,2024-06-19,Lithuania
182,Paul Brennan,smithashley@gmail.com,2024-10-06,Grenada
183,William Daniels,melissamcdonald@gmail.com,2024-07-05,Bouvet Island (Bouvetoya)
184,Nicholas Wong,doylekrystal@craig.biz,2024-07-19,Japan
185,Angie Caldwell,thomasboyle@green.info,2024-05-23,Ethiopia
186,Elizabeth Sharp,desiree30@wilson.net,2024-10-01,Ukraine
187,Patricia Vaughn,christina32@yahoo.com,2023-02-11,Korea
188,Lisa Perry,kathleenbecker@hotmail.com,2024-08-24,Solomon Islands
189,Jeremy Padilla,brownamy@harris.net,2023-09-24,Brazil
190,Michelle Burns,chavezwilliam@yahoo.com,2023-12-28,Azerbaijan
191,Megan Parker,ascott@robinson.com,2023-12-10,Bahamas
192,Andrea Peck,robert26@haney-reyes.biz,2023-08-03,Belgium
193,Mary Ryan,whiteamanda@hotmail.com,2023-01-22,Saint Lucia
194,Sandy Avila,inunez@yahoo.com,2023-12-03,Hong Kong
195,Danielle Reed,sharonhardy@gmail.com,2022-11-10,Sudan
196,Lisa Mayer,jamiegarcia@griffin.com,2023-04-24,Saint Vincent and the Grenadines
197,Jeffrey Fernandez,williamroberts@johnston.com,2023-04-18,Gabon
198,Victoria Boyd,joshua89@hotmail.com,2024-09-23,China
199,Jessica Simpson,ufloyd@hotmail.com,2023-09-04,Ireland
200,James Webster,melissaturner@hotmail.com,2023-02-05,Sri Lanka
201,Anthony Gutierrez,paulscott@yahoo.com,2024-03-01,Belgium
202,Sarah Davis,adamsemily@williams.org,2024-04-30,Paraguay
203,Karen Booth,susan03@gmail.com,2024-05-13,British Indian Ocean Territory (Chagos Archipelago)
204,Nicole Rocha,jherman@rowe-james.net,2024-03-02,Guinea-Bissau
205,Ian Andrade,langjennifer@yahoo.com,2024-09-25,Costa Rica
206,Jason Hart,allentran@riley.com,2023-04-12,Hong Kong
207,Danielle Pierce,kathryn77@yahoo.com,2023-02-23,Saint Martin
208,Caroline Cortez,sabrinaweaver@hotmail.com,2022-11-30,Mali
209,Ryan Landry,gutierrezmegan@jones.com,2023-04-03,Macedonia
210,Antonio Little,ismith@hotmail.com,2023-08-31,American Samoa
211,Nathan Nichols,shawheidi@yahoo.com,2024-07-03,Wallis and Futuna
212,Ashley Davis,jamesfox@adams-sanders.com,2023-08-27,Kuwait
213,Wanda Perez,davisnicholas@alvarez.com,2023-11-08,Tanzania
214,Richard Knight,hallrachel@clay.com,2024-03-30,Uzbekistan
215,Joshua Barrett,alexis39@goodwin.biz,2024-10-06,Belarus
216,Justin Knight,patrick21@hotmail.com,2024-05-17,Guatemala
217,Jeffrey Roberson,unovak@gmail.com,2024-02-20,Faroe Islands
218,Joanne Perez,llopez@hotmail.com,2023-08-07,Belize
219,Elizabeth Wright,adamsnorman@moore.com,2022-10-20,Western Sahara
220,Ian Nelson,lopezshane@hunt.net,2022-12-27,Nauru
221,Erika Cruz,fhughes@hotmail.com,2024-09-14,Moldova
222,Vanessa Armstrong,rjackson@adams-thomas.com,2023-09-18,Falkland Islands (Malvinas)
223,John Jones,jennifersimpson@hotmail.com,2023-03-16,Kuwait
224,Eric Rush,vbrock@yahoo.com,2023-07-02,Jersey
225,Shannon Mccann,malik37@thompson-sanders.com,2023-05-30,Saint Pierre and Miquelon
226,Katherine Johnston,nicholas65@frederick.org,2023-12-13,Cocos (Keeling) Islands
227,Krista Benton,samuelcarter@hotmail.com,2022-12-08,Svalbard & Jan Mayen Islands
228,Rebecca Chambers,john26@jones-ewing.info,2024-01-11,Iran
229,Tammy Kane,gibbsmichael@hotmail.com,2024-01-20,Northern Mariana Islands
230,Ashley Wright,deborahwilliams@hotmail.com,2024-03-25,Oman
231,Paul Sheppard,smithjonathan@hotmail.com,2024-05-18,Malaysia
232,Melissa Walker,rford@hotmail.com,2024-04-04,Macao
233,Zachary Webb,fknapp@gmail.com,2024-07-22,Wallis and Futuna
234,Hannah Cooper,gbailey@bowen-chavez.com,2023-06-06,Aruba
235,Ashley Sweeney,sarahyang@thompson.info,2023-04-14,South Georgia and the South Sandwich Islands
236,Cody Davidson,njohnson@gmail.com,2023-09-30,Namibia
237,Aaron Lewis,raylauren@hotmail.com,2023-03-10,Haiti
238,Jim Baker,candice96@hotmail.com,2023-01-12,Guernsey
239,Jimmy Thompson,powerslawrence@gmail.com,2023-06-10,Brazil
240,Michael Dixon,baileyhenderson@yahoo.com,2024-02-21,Martinique
241,Maria Cooke,lroberts@wilkinson-harvey.com,2022-10-23,Libyan Arab Jamahiriya
242,Robert Maynard,acohen@hotmail.com,2024-07-29,Kenya
243,Bradley Johnson DDS,hillamanda@gmail.com,2024-06-13,Kuwait
244,Patricia Simpson,adamsamy@weaver-sherman.info,2023-12-14,Cuba
245,Ashley Greer PhD,colemichael@gmail.com,2023-09-22,Tonga
246,Patricia Young PhD,imartin@gmail.com,2024-07-08,Costa Rica
247,Laura Patel,tiffany44@adams.com,2023-01-29,Sao Tome and Principe
248,Tamara Riddle,johndawson@juarez.biz,2023-10-31,Cambodia
249,Debra Perry,schultznicole@gmail.com,2023-08-24,Malawi
250,Melissa Wiley,amurphy@hotmail.com,2022-12-27,Saint Martin
251,Madison Terry,brobinson@simpson.com,2023-07-05,Mayotte
252,Kylie Washington,williamsconnie@yahoo.com,2022-10-28,British Virgin Islands
253,Brooke Bryant,wendyblankenship@hotmail.com,2023-06-07,Cayman Islands
254,Sherri Davis,christopher20@yahoo.com,2024-02-13,Gambia
255,Nicole Patterson,smiththomas@wheeler.info,2022-10-23,Algeria
256,Ruth Mcneil,timperez@gmail.com,2024-05-05,Sri Lanka
257,Erik Ibarra,wayala@may.com,2022-12-08,Malta
258,Lisa Martin,courtneyhernandez@yahoo.com,2024-02-06,Poland
259,Daniel Mosley,lawrencepatrick@edwards-taylor.com,2024-02-28,Belize
260,Kyle Griffith,abbottdominique@yahoo.com,2023-03-24,Malaysia
261,Chelsea Myers,troyrodriguez@little-jones.com,2023-07-23,Vietnam
262,James Combs,amy27@gmail.com,2022-10-28,Myanmar
263,Dennis Williams,ohunter@mason.com,2024-02-25,Martinique
264,Brittany Miller,terrimoore@myers-walters.com,2023-06-13,Qatar
265,Troy Allen,middletondarren@lynch.com,2023-01-16,American Samoa
266,Meredith Martin,gary24@hotmail.com,2024-09-03,British Indian Ocean Territory (Chagos Archipelago)
267,Alyssa Roman,bakertheresa@hotmail.com,2022-12-14,Luxembourg
268,Ian Porter,eric19@sharp.com,2024-08-12,Tokelau
269,Angel Cox,sarahmathews@pratt.com,2023-06-22,Egypt
270,Nathan Nelson,david02@brock.biz,2022-12-08,Turkey
271,Douglas Kirk,tranalan@gmail.com,2023-05-30,Monaco
272,Nancy Sanchez,xcuevas@gmail.com,2024-05-06,United Arab Emirates
273,Rebecca Hernandez,hallmichael@hotmail.com,2024-08-27,Algeria
274,April Sandoval,harristonya@yahoo.com,2023-11-02,Bahamas
275,Brenda Ramirez,phyllismeyer@huang.org,2022-12-29,Macedonia
276,Robert Jones,ibates@carter.biz,2024-04-12,Switzerland
277,Emily Nelson,derekcarrillo@moore.info,2023-10-12,Germany
278,Joshua Oconnell,qparker@davis.com,2024-07-18,Romania
279,Amanda Huff,christopherwright@yahoo.com,2023-08-19,Malawi
280,Edwin Wilkins,cranemelissa@adkins.com,2023-01-18,American Samoa
281,Richard Walker,owatson@miller.com,2022-11-01,Bahrain
282,Matthew Lamb,david70@glass.biz,2023-11-05,Antarctica (the territory South of 60 deg S)
283,Jeffery Gomez,joshua20@harvey.biz,2024-08-31,Mayotte
284,Brandon Reyes,dawnrobles@gmail.com,2024-02-17,Spain
285,Alicia Reyes,fstephens@yahoo.com,2024-09-23,Monaco
286,Jasmine White,anthonycochran@yahoo.com,2022-11-30,Sudan
287,Kendra Wang DVM,wrightjohn@velasquez.com,2024-01-06,Tanzania
288,Mrs. Taylor Frey,joelstewart@wolfe.com,2023-12-30,Monaco
289,Travis Copeland,gregory01@gmail.com,2023-04-14,Netherlands Antilles
290,Joseph Smith,matthewthompson@brown-hernandez.com,2024-06-08,Bouvet Island (Bouvetoya)
291,Shannon Yu,vwillis@yahoo.com,2023-06-23,Burkina Faso
292,Morgan Kim,grant89@yahoo.com,2023-04-07,Papua New Guinea
293,Casey Parker,gregorysmith@hotmail.com,2024-01-03,India
294,Patricia Bradley,samantha93@cunningham.com,2023-04-18,Guatemala
295,Mrs. Stacey Davis,nsmith@gmail.com,2024-04-06,Bangladesh
296,Richard Le,akim@wilkerson.biz,2023-07-15,Mauritius
297,Ronald Kramer,shannonlloyd@phillips.com,2023-01-05,Barbados
298,Stephen Martin,morgantricia@bush-reynolds.com,2024-01-30,Tuvalu
299,Anthony Rivera,uterry@fernandez.com,2022-11-23,India
300,Sara Hernandez,pattersonkelly@hotmail.com,2024-02-13,Nepal
301,Mr. Daniel Little,tanthony@ruiz-jacobson.com,2022-12-25,Norway
302,Cathy Mcclure,seanbaker@yahoo.com,2023-05-08,Czech Republic
303,Kristy Hernandez,barnettlindsey@arellano-lawrence.net,2022-12-02,Tajikistan
304,Joseph Sheppard,thomasmiller@hotmail.com,2022-11-11,Macao
305,Kellie Duncan,averyshane@stanton.com,2022-11-18,Jamaica
306,Michael Harris,luis11@hawkins-arnold.com,2023-11-23,Kuwait
307,Alexandria Graves,perryeddie@hotmail.com,2024-01-11,Senegal
308,Ariel Garcia,mikayla56@reyes-washington.org,2023-10-18,Argentina
309,Jamie Montgomery,fosternatasha@hotmail.com,2023-04-18,Australia
310,Tammie Prince,lisa44@cameron-garrison.com,2024-08-20,Denmark
311,William Ramos,jessica91@gmail.com,2023-09-24,Croatia
312,Jennifer Washington,robertsonerik@yahoo.com,2024-04-19,Macedonia
313,Richard Warren,jameswhitaker@wright.com,2024-09-28,Guyana
314,Denise Colon,maldonadojohn@yahoo.com,2024-01-20,Kiribati
315,Seth Matthews,frank41@yahoo.com,2022-11-06,Hungary
316,Scott Chan,deborahbyrd@pearson-palmer.com,2023-10-19,United States Minor Outlying Islands
317,Christopher Owen,charlene44@woodard-york.info,2023-04-29,Cuba
318,Michael Holloway,smithyvonne@yahoo.com,2023-12-26,Oman
319,Diane Cohen,rogersjoshua@yahoo.com,2024-08-15,Falkland Islands (Malvinas)
320,Michael Stafford,edwardcannon@gmail.com,2024-07-02,Togo
321,Lindsay Guerrero,rioswhitney@meadows-sullivan.com,2024-01-11,Russian Federation
322,Rose Cooper DDS,william28@gmail.com,2023-06-01,Bhutan
323,Patrick Hardy,destiny35@garner.biz,2024-06-19,Tuvalu
324,David Carter,obrown@carpenter.com,2023-11-08,British Indian Ocean Territory (Chagos Archipelago)
325,Jane Evans,derrickgonzalez@benitez-orozco.info,2023-02-04,Germany
326,Catherine Miller,lawrencebrown@yahoo.com,2023-05-16,Cote d'Ivoire
327,Caroline Duran,andersonryan@yahoo.com,2023-08-25,Japan
328,Janet Johnson,stephanie58@smith.com,2023-04-09,Puerto Rico
329,Emily Garcia,cameronwilliams@yahoo.com,2023-10-05,Saint Lucia
330,Kelly Hamilton,wendy75@martin.com,2023-04-11,Czech Republic
331,Bonnie Gross,richardsondebra@brooks.com,2024-06-06,Marshall Islands
332,Linda Williams,williamsdarrell@james-kelley.info,2024-04-13,Cape Verde
333,Michael Smith,batesjoseph@hotmail.com,2024-04-12,Burundi
334,Steven Hunt,daniel17@lynch.net,2023-03-21,Guinea-Bissau
335,Elizabeth Williams,haleycastillo@gmail.com,2022-10-18,American Samoa
336,Susan Conley,stacychan@gmail.com,2024-04-30,Saint Kitts and Nevis
337,David Hall,steven12@gmail.com,2024-08-07,French Guiana
338,Michael Simmons,yorkpamela@christian.com,2023-06-28,Guinea-Bissau
339,Tina Adams,lisa21@ross-bryant.biz,2024-04-03,Thailand
340,Javier Mercado,andersonjessica@garcia.info,2024-06-30,Mongolia
341,Catherine James,huffmannichole@hotmail.com,2024-09-07,Bulgaria
342,Mr. Stephen Alexander,diana08@ray.com,2023-11-23,Maldives
343,Lisa Reynolds,rreed@cruz.org,2022-11-27,Algeria
344,Brooke Allison,charlesvasquez@gmail.com,2023-06-30,Fiji
345,Daniel Schneider,christianwallace@hotmail.com,2023-09-29,Benin
346,Jillian Wilson,garciarobert@hotmail.com,2023-12-16,Afghanistan
347,Rebecca Richmond,diamondbryant@yahoo.com,2023-07-25,Sweden
348,Daniel Gibson,jennifer11@hotmail.com,2023-04-06,Afghanistan
349,Ronald Brandt,jacqueline02@yahoo.com,2023-02-02,Swaziland
350,Mikayla Rodriguez,davidphelps@bryant.com,2023-01-07,Saudi Arabia
351,Timothy Monroe,lellis@taylor.com,2023-12-19,Vietnam
352,Kevin Glass,jessicaanderson@sandoval-obrien.com,2023-11-11,Turkmenistan
353,William Moon,raymond54@ballard-taylor.org,2024-04-11,Turks and Caicos Islands
354,Elizabeth Miles,jamesweber@yahoo.com,2024-04-01,Guatemala
355,Brandi Page,jennifer58@aguilar-bender.biz,2024-03-22,San Marino
356,Kimberly Rich,millsanthony@gmail.com,2022-11-26,Paraguay
357,Derek Floyd,dwayne04@gmail.com,2024-05-23,Mauritania
358,Robert Garcia,yyoung@roberts.biz,2023-09-04,Zimbabwe
359,Melinda Church,manningjames@greer-pruitt.com,2024-05-24,Myanmar
360,Lindsey Parsons,shane12@moss.biz,2022-11-16,Japan
361,Dennis Martin,riverajenna@gmail.com,2022-11-16,Cape Verde
362,Linda Ayala,jtyler@yahoo.com,2022-12-11,Slovenia
363,Kelly Krueger,robertherrera@bailey.com,2023-06-30,Guyana
364,Travis Montgomery,wilsonmichael@gmail.com,2024-09-17,Norway
365,Lisa Haley,hmoon@yahoo.com,2023-05-03,Mauritania
366,Allison Black,stucker@hotmail.com,2023-03-14,Gibraltar
367,Tiffany Jackson,clarkcrystal@hancock.com,2023-03-24,Martinique
368,Sherry Figueroa,burgesseric@yahoo.com,2024-04-24,Greenland
369,Benjamin Thompson,andrewsjeremy@yahoo.com,2023-08-28,Iceland
370,Jared Stewart,nicholsdarlene@hotmail.com,2022-12-04,Saudi Arabia
371,Amber Charles,robertsgina@hotmail.com,2022-12-22,Finland
372,Jessica Foster,omoore@francis.com,2024-02-20,Cambodia
373,Stephen Sanford,spencerangela@gmail.com,2022-11-17,Albania
374,Jennifer Kelley,jason53@whitehead-york.com,2023-02-18,Colombia
375,Ruben Lee,yorksarah@murray.com,2023-04-28,Bolivia
376,Kevin Lynn,emilyyoung@yahoo.com,2024-02-09,Bangladesh
377,Emily Hayes,arianadiaz@yahoo.com,2023-09-13,Chile
378,David Walker,mary25@yahoo.com,2023-10-10,Kiribati
379,Eric Arnold,wilkinsonmichele@vance.com,2024-05-07,Turks and Caicos Islands
380,Monica Mcclain,nhammond@arnold.net,2023-10-17,Palau
381,Holly Walker,stevendixon@yahoo.com,2023-07-25,Macao
382,David Maynard,seanwhite@hopkins.info,2024-10-14,Guinea-Bissau
383,Philip Hall,jim38@yahoo.com,2023-08-13,Latvia
384,Sierra Williams,padillaadrienne@yahoo.com,2024-07-25,Saint Vincent and the Grenadines
385,Joshua Thompson,briana18@yahoo.com,2023-08-04,United States of America
386,Jared Roth,msparks@gmail.com,2023-11-09,Turkmenistan
387,Christopher Jones,edwardmoore@hotmail.com,2024-04-25,Svalbard & Jan Mayen Islands
388,David Shepherd,eleonard@garza.biz,2022-11-02,Ecuador
389,Kenneth Martin,brianscott@black.org,2023-12-27,Northern Mariana Islands
390,Nathan Stanley,robinsoncatherine@yahoo.com,2024-08-19,Liberia
391,Ronald Burke,gary57@garza.com,2022-10-28,Cook Islands
392,Susan Cohen,thompsonrachel@williams.com,2022-12-27,Liberia
393,Stephanie Ryan,xboyd@wolfe.com,2024-10-13,Spain
394,Dr. Gregory Ballard,eanderson@kent.com,2024-01-23,Turkey
395,Deanna Smith,meyernicholas@watts.biz,2023-07-24,Botswana
396,Matthew King,cheryl63@yahoo.com,2023-12-18,Slovenia
397,Cassandra Hansen,vanessa95@hotmail.com,2023-08-21,Saint Pierre and Miquelon
398,Scott Wilson,klogan@lewis.com,2024-06-29,Mayotte
399,Melinda Williams,brockmadeline@yahoo.com,2024-10-04,Nepal
400,Austin Walker,ramseysarah@mendez-meyer.org,2022-11-29,Yemen
401,Casey Snyder,melissagalvan@mitchell.net,2024-04-10,Djibouti
402,Megan Ward,christopherhill@gomez-foster.org,2023-03-20,Malaysia
403,Michael Calhoun,michael43@hotmail.com,2023-03-16,Korea
404,Laura Green,hansenwesley@yahoo.com,2023-01-14,Spain
405,Deanna Medina,kchurch@yahoo.com,2024-06-05,Ecuador
406,Tonya Ellis,olsonjonathan@yahoo.com,2024-02-20,Solomon Islands
407,Megan Hall MD,haynesjose@yahoo.com,2022-12-27,Iran
408,Samantha Jones,nedwards@adams.com,2023-11-07,Saint Pierre and Miquelon
409,Nicolas Salas,jameswright@kelly.com,2024-03-23,Zimbabwe
410,Lisa Duran,uwatson@villanueva-ibarra.org,2024-08-20,Falkland Islands (Malvinas)
411,William Moon IV,brianlloyd@ayers-johnson.com,2023-08-17,Tokelau
412,Carrie Bray,hannah03@yahoo.com,2024-01-10,Bolivia
413,Louis Green,josephmullen@yahoo.com,2023-07-27,Colombia
414,Mr. Michael Watson PhD,iwhite@hotmail.com,2024-03-31,Denmark
415,Michelle Brock,zgonzalez@hotmail.com,2023-02-09,Lebanon
416,Cassandra Porter,jevans@hotmail.com,2022-11-22,Indonesia
417,Christopher Lewis,gcombs@yahoo.com,2024-05-16,Grenada
418,Isaac Grant,andrew15@hotmail.com,2024-01-29,Congo
419,Marie Ryan,mark87@hotmail.com,2023-09-28,Tuvalu
420,Louis Ford,daniellemcfarland@welch-duncan.com,2022-12-16,Central African Republic
421,Erik Delgado,cnelson@yahoo.com,2024-05-18,Myanmar
422,Joanna Jackson,jessicastanley@haynes.com,2022-12-29,Bahrain
423,Kara Brown,garciachristine@gmail.com,2024-03-07,Venezuela
424,Ellen Wright,isims@hotmail.com,2024-07-28,Chile
425,Matthew Dalton,imcdonald@yahoo.com,2023-12-16,Kenya
426,Travis Ryan,omills@hotmail.com,2023-06-13,United States of America
427,Joshua Ballard,michael42@yahoo.com,2022-10-24,Afghanistan
428,Olivia Taylor,snichols@yahoo.com,2024-05-24,Lesotho
429,Ralph Yates,kelleyjacob@kim.biz,2024-07-20,Honduras
430,Bobby Garrett,deborah84@yahoo.com,2023-03-11,Timor-Leste
431,Chad Rodriguez,nnelson@yahoo.com,2023-03-10,Gibraltar
432,Anthony Nichols,campbelldavid@acosta-hall.com,2022-10-27,Lithuania
433,Jason Floyd,steven05@gmail.com,2024-08-01,Sao Tome and Principe
434,Amy Rowe,qwhite@clayton-martinez.com,2023-08-10,Sierra Leone
435,Danielle Vang,gmoss@wade.com,2024-10-12,Gibraltar
436,Nicholas Garner,timothy43@clay-boyer.com,2023-01-11,Dominica
437,Erika Jackson,fosterjohn@gmail.com,2024-01-10,Slovenia
438,Melissa Moore,ericdavis@morgan.com,2022-12-01,Guinea-Bissau
439,Meredith Moody,jhall@sherman.com,2022-11-01,Portugal
440,Nathaniel King,jmann@daniels-henry.org,2023-03-09,Mauritius
441,Nicholas Hill,schmidtshannon@weaver-gibson.net,2023-08-06,Saint Martin
442,Albert Vincent,jennifer86@warren.net,2023-02-12,New Caledonia
443,Jason Morris,williamssharon@russo.com,2023-10-27,Congo
444,Kenneth Huff,brandon39@hotmail.com,2022-12-10,American Samoa
445,Christine Henry,dowen@grant-hurley.biz,2024-07-15,Heard Island and McDonald Islands
446,Amy Jensen,davenportchristian@yu.com,2024-05-01,Djibouti
447,Chelsey Fox,angelagrant@garcia.info,2024-04-13,Papua New Guinea
448,Brian Sparks,diane89@yahoo.com,2024-10-10,Guinea
449,Krista Shea,bduran@hotmail.com,2023-06-24,Netherlands
450,Joshua Brooks,suzanne76@gmail.com,2024-05-02,Antigua and Barbuda
451,Ms. Kelly Holder,evansjeffrey@yahoo.com,2022-11-01,Sierra Leone
452,Melissa Hill,johnsonmichael@baker.com,2023-04-14,Equatorial Guinea
453,Anna Ross,cummingslaura@freeman.org,2024-07-13,United States of America
454,Martin Johnson,deleonsandra@yahoo.com,2023-07-13,Turkmenistan
455,Jennifer Parrish,walterscrystal@torres.com,2023-12-09,Monaco
456,Jonathan Walker,wmaddox@johnston.biz,2023-02-07,Bulgaria
457,John Mcgee,christopher86@hotmail.com,2023-01-25,Serbia
458,Justin Freeman,johnadams@morris-glass.com,2023-01-11,Paraguay
459,Jacob Lee,carrillogary@yahoo.com,2024-02-06,Swaziland
460,Jessica Thomas MD,ginamoore@farrell.org,2024-10-04,Cameroon
461,Samantha Smith,shannon05@singh.com,2023-12-14,Maldives
462,Kimberly Dean,bennettrebecca@williams.org,2023-05-14,Austria
463,Tony Jones,michelle04@hotmail.com,2023-08-12,Djibouti
464,Katie Mckinney,idelacruz@gmail.com,2023-03-09,Congo
465,Judith House,wrightalyssa@burns-garner.com,2023-07-12,Poland
466,Mario Young,garrettnatasha@gmail.com,2023-12-21,Yemen
467,Christian Prince,blairabigail@salazar.com,2024-01-03,Cape Verde
468,Erik Jacobs,jamietaylor@hotmail.com,2024-03-30,South Georgia and the South Sandwich Islands
469,Charles Barker,xforbes@douglas.com,2023-06-19,Bangladesh
470,Tiffany Wilson,jessicacannon@yahoo.com,2023-08-31,Gabon
471,Timothy Shannon,kimberlyrodriguez@gmail.com,2022-11-05,Serbia
472,Miss Lisa Salazar,gracehoward@chan.info,2024-04-21,Pakistan
473,Samuel Henry,jamesjohnson@schaefer.com,2024-05-14,Paraguay
474,Norma Jones DVM,dwatts@gmail.com,2023-09-13,Iraq
475,Lisa Holloway,vcarr@hotmail.com,2024-01-20,Martinique
476,Sheri Buchanan,cbryant@stone.com,2023-12-23,Iceland
477,Lydia Williams,tsanders@yahoo.com,2023-10-09,Chad
478,Louis Brown,cgallegos@sharp.com,2024-06-11,Mozambique
479,Melissa Taylor,shannon27@hotmail.com,2024-09-11,Rwanda
480,Sonya Davis,jennifermartinez@gmail.com,2024-04-16,Korea
481,Angela Zimmerman,cpierce@barr.com,2023-02-18,Trinidad and Tobago
482,Randy Williams,jessica74@hotmail.com,2023-03-05,British Indian Ocean Territory (Chagos Archipelago)
483,Toni Smith,ellismelissa@hotmail.com,2024-07-04,Albania
484,Katherine Robinson,fortiz@hotmail.com,2024-01-25,Albania
485,Joshua Harvey,lopezbrian@johnson-nash.org,2024-07-27,Netherlands Antilles
486,Thomas Williams,evanmitchell@hotmail.com,2024-04-05,Reunion
487,Rachel Thompson,sarah14@yahoo.com,2023-07-29,Ukraine
488,Barry Simmons,thomas14@rose-warren.com,2024-02-03,Azerbaijan
489,Nicholas Fuller,mramsey@mitchell.net,2024-01-05,Niger
490,Carl Hart,nmorton@gmail.com,2024-04-18,French Guiana
491,April Johnson,laurenduarte@williams-bailey.com,2022-10-24,Northern Mariana Islands
492,Douglas Tyler,william50@gmail.com,2024-03-31,Grenada
493,Nathaniel Gilbert,jamesbass@mendoza.com,2023-10-24,Cape Verde
494,Stephanie Herrera,abowers@hotmail.com,2022-11-28,Syrian Arab Republic
495,Krystal Gregory,barbararivera@jones-hernandez.com,2023-07-06,Honduras
496,Sarah Duncan,brookehancock@yahoo.com,2024-04-15,Togo
497,Andres Gutierrez,nathangallegos@yahoo.com,2023-04-01,Mali
498,Brian Glover,wallaceangel@stein-moore.com,2024-10-02,Liberia
499,Kelly Rowe,shortsharon@haney.biz,2024-04-22,Tonga
500,April Randolph,steven01@miranda.com,2024-02-24,Uganda
501,Curtis Mitchell,rlambert@gmail.com,2023-02-15,Falkland Islands (Malvinas)
502,Tyler Castro,amydunn@thomas-bush.com,2024-01-04,Ecuador
503,Eric Mcclain,andersonthomas@hotmail.com,2022-11-24,Botswana
504,Brandon Myers,larry38@gmail.com,2024-10-01,Saudi Arabia
505,Laura Davis,bryantgabrielle@hotmail.com,2024-06-02,Lao People's Democratic Republic
506,Travis Thomas,philip55@yahoo.com,2023-10-29,Antarctica (the territory South of 60 deg S)
507,Brian Mendoza,katrina99@romero.com,2023-06-26,Micronesia
508,Rebecca Patel,pallen@hotmail.com,2023-02-16,Liberia
509,Glen Cervantes,vbradley@hotmail.com,2024-04-07,Dominica
510,Michael Stevenson,vargassteven@hotmail.com,2022-12-30,Swaziland
511,Eric Sullivan,pmurphy@brown.org,2024-09-16,Saudi Arabia
512,April Thomas,yschmidt@lane.com,2023-06-05,Mongolia
513,Meghan Sellers,veronica90@hotmail.com,2023-11-16,Iraq
514,Sarah Brown,warnerlori@rodriguez-campbell.com,2023-04-16,Jersey
515,Jennifer Flores,ijames@gmail.com,2024-03-13,China
516,Cole Cruz,qmoore@gmail.com,2023-01-28,Algeria
517,Alan Griffith,iproctor@gmail.com,2023-01-30,Norway
518,Shannon English,shawncoleman@yahoo.com,2023-08-10,Guinea
519,Jeff Smith,jenniferadams@hotmail.com,2024-01-06,Haiti
520,Andrew Webb,carpentersuzanne@gmail.com,2023-02-03,Saint Lucia
521,Victoria Terrell,hblack@hotmail.com,2022-12-23,Ecuador
522,Patrick Horne,chloe58@harrison.info,2024-01-04,Saint Martin
523,Harry Levine,gary94@hotmail.com,2024-06-16,Monaco
524,Mark Lane,lisa90@washington-martinez.com,2024-08-07,Slovenia
525,Casey Campbell,figueroacassandra@hotmail.com,2024-05-11,Canada
526,Jacqueline Thompson,hwhite@cooper.com,2024-01-21,Vietnam
527,Sara Mullins,cyoung@hotmail.com,2024-02-23,Chad
528,Nicholas Reed,williamssteven@yahoo.com,2023-06-07,Lebanon
529,Nicole Patel,jwells@hotmail.com,2024-08-21,Jordan
530,Timothy Cole,davisamanda@yahoo.com,2024-08-01,Jersey
531,Marissa Nelson,leah49@yahoo.com,2023-10-09,Sierra Leone
532,Dana Powers,erica25@smith.biz,2022-12-30,Mali
533,Jeremy Robinson,james09@gmail.com,2022-11-29,Wallis and Futuna
534,Stephanie Robinson,millercassandra@douglas-yoder.org,2024-06-30,Colombia
535,Melissa King,fowlersandra@yahoo.com,2024-06-04,Japan
536,Mary Carrillo,kimberlyramirez@gmail.com,2023-08-09,Iceland
537,Anthony Sosa,scottvasquez@gmail.com,2024-02-02,India
538,Johnathan Thomas,christinarodriguez@yahoo.com,2024-04-23,Eritrea
539,Benjamin Duncan,fsmith@gmail.com,2024-03-06,Northern Mariana Islands
540,Andrew Myers,rebecca90@zimmerman.biz,2024-08-01,Saint Lucia
541,Rachel Fernandez,xfinley@martinez-nichols.com,2023-07-01,Pitcairn Islands
542,Anthony Shea,amanda51@hodges-roberts.com,2023-03-02,Mexico
543,James Lee,mccoymichael@gmail.com,2024-09-02,Niue
544,Collin Johnson,tracybrown@schneider.info,2022-10-28,Argentina
545,George Le,lewisdesiree@hotmail.com,2023-10-07,Wallis and Futuna
546,Shelly Hernandez,johnsondonald@smith.com,2024-04-12,Pakistan
547,Christopher Williams,bryantgeorge@hotmail.com,2022-12-04,Svalbard & Jan Mayen Islands
548,Ashley Larson,brockronald@gregory.org,2023-12-14,Burundi
549,Vincent Lewis,matthewmartinez@todd.com,2023-12-19,Chad
550,Timothy Williams,bstrickland@miller-smith.com,2024-04-16,Pakistan
551,Diane Steele,jamiebowman@hotmail.com,2023-09-30,Isle of Man
552,Christopher Holt,fsalazar@serrano.net,2023-04-17,Congo
553,Joseph Davis,stevensims@gmail.com,2023-05-18,Austria
554,Robert Jennings,qthompson@gmail.com,2022-11-26,Oman
555,Daniel King,garciabrian@hotmail.com,2023-03-01,Cayman Islands
556,Karina Wilson,uwatkins@gonzalez-rhodes.com,2023-04-12,Slovakia (Slovak Republic)
557,Darren Young,nicholaswalker@yahoo.com,2024-01-13,Libyan Arab Jamahiriya
558,Jeffrey Robinson,paultaylor@hotmail.com,2023-03-15,Niue
559,Derrick Rogers,ramirezdaniel@ellis-jackson.com,2023-04-04,Turks and Caicos Islands
560,Christopher Norton,christophervincent@atkins-robinson.info,2024-07-27,Kyrgyz Republic
561,Nicholas Fitzgerald,markriley@shah.biz,2022-11-19,Armenia
562,Morgan Gordon MD,spacheco@gmail.com,2023-10-02,Lithuania
563,Justin Smith,davidphillips@hotmail.com,2022-12-25,Andorra
564,Eric Warner,iford@sullivan.info,2024-04-14,Norfolk Island
565,Mark Cruz,phillipskaren@hotmail.com,2024-02-03,Mauritania
566,Christine Cohen,robertsonrenee@yahoo.com,2024-09-04,Austria
567,Jacob Harvey,gregory81@hotmail.com,2024-04-18,Singapore
568,William Allen,wmclaughlin@pitts.com,2023-06-21,Guinea
569,Kathy Henderson,watsonshaun@rose.net,2024-09-13,French Guiana
570,Jacob Nunez,patriciaellis@myers.com,2022-12-14,Botswana
571,Brian Hernandez,abigailburton@butler-fleming.com,2023-10-19,Guatemala
572,Oscar Smith,johnsonlaurie@newman.com,2023-10-28,Namibia
573,Kerri Kelley,ashley42@yahoo.com,2023-04-10,Liberia
574,Dwayne Bruce,justin29@joseph.com,2023-03-01,Taiwan
575,Summer Bauer,darylchaney@martinez.net,2024-04-17,Antigua and Barbuda
576,Vanessa Hernandez,amandamartinez@gmail.com,2023-08-26,Venezuela
577,Mr. Jimmy Flores Jr.,thomas49@hotmail.com,2023-02-07,South Georgia and the South Sandwich Islands
578,Susan Ramos,imccullough@pierce.com,2023-09-27,Guinea-Bissau
579,Anthony Davidson,james18@rhodes-rosario.net,2023-08-18,Congo
580,Larry Hunt Jr.,bhernandez@yahoo.com,2023-08-11,Holy See (Vatican City State)
581,Gregory Parker,lewispamela@hotmail.com,2023-09-03,Spain
582,Christopher Luna,ltaylor@hotmail.com,2022-12-21,Cambodia
583,John Dillon,fitzpatrickbrittany@yahoo.com,2022-12-23,Albania
584,Thomas Perry,jamescollier@yahoo.com,2023-12-20,Liechtenstein
585,Ronald Davenport,dhansen@gmail.com,2022-11-05,Somalia
586,Dennis Blanchard,valdezpatricia@yahoo.com,2023-03-04,Liechtenstein
587,Maria Johnson,egamble@hotmail.com,2024-05-17,Guyana
588,Krystal Oneill,brooksjessica@gmail.com,2024-08-02,Eritrea
589,Anthony Flores,frank45@fields-friedman.com,2023-05-29,French Guiana
590,Taylor Palmer,georgegary@brennan-serrano.com,2023-05-14,Poland
591,Heidi Ferguson,alexanderholmes@yahoo.com,2024-06-11,Libyan Arab Jamahiriya
592,Thomas Martin,wesleydecker@austin.net,2024-04-21,Mexico
593,Rebekah Butler,fuentessandra@bailey-vazquez.com,2024-07-11,Kenya
594,Linda Gallagher,jenniferjohnson@gmail.com,2023-04-06,Brunei Darussalam
595,Brenda Perez,davidmiller@hines.info,2024-05-26,Jersey
596,Brian Mcguire,qwilson@jones.com,2024-05-24,Bhutan
597,Tamara Harris,ellenjohnson@singleton.org,2023-07-13,Guinea
598,Jonathan Chandler,garciabelinda@rice.com,2023-05-22,Chile
599,Kimberly Beltran,samanthayork@richardson-lawrence.info,2024-03-22,Botswana
600,Henry Gray,rickjuarez@martinez-rodriguez.com,2023-11-05,Serbia
601,Dwayne Bowen,tristan64@burke-collins.info,2023-04-09,Mexico
602,William Patterson,xcrosby@smith.info,2024-03-21,Bosnia and Herzegovina
603,Joseph Rhodes,ralphneal@figueroa.com,2023-07-25,Congo
604,Kurt Ewing,maryhardy@hubbard-miranda.org,2023-05-16,Saudi Arabia
605,Maria Ross,garcher@yahoo.com,2023-02-07,Seychelles
606,Bryan Burns,anthonyrojas@jimenez.com,2023-08-09,Netherlands Antilles
607,Brittany Howell,guerreroapril@sparks-harris.info,2023-10-31,Macedonia
608,Greg Heath,ewingnicole@reyes.biz,2023-09-24,Kuwait
609,Christopher Hopkins,travistaylor@hotmail.com,2023-08-14,Libyan Arab Jamahiriya
610,Laura Henry,khart@hotmail.com,2022-11-28,India
611,Kevin Gray,luke09@gmail.com,2023-01-23,Taiwan
612,Robert Silva,wdavis@yahoo.com,2023-08-31,Guernsey
613,David Young,lozanocameron@yahoo.com,2023-01-12,Guadeloupe
614,Joshua Johnson,sadams@yahoo.com,2024-01-15,Angola
615,Mrs. Jeanette Armstrong,vazquezjamie@yahoo.com,2023-11-10,Sudan
616,Gina Mendez,oharris@gmail.com,2024-07-29,Thailand
617,Donna Williams,claudiarubio@hotmail.com,2024-08-01,Morocco
618,George Jones,yclark@gmail.com,2024-03-05,Swaziland
619,Robert Reynolds,robertking@hotmail.com,2023-10-03,Paraguay
620,Catherine Smith,vlewis@adams-little.org,2024-08-08,Seychelles
621,Taylor Barber,michaelhernandez@francis.biz,2023-08-30,Ghana
622,Susan Walters,madison24@hotmail.com,2024-01-25,Dominica
623,Brian Lee,steven86@lucas-johnson.com,2023-05-15,Burkina Faso
624,Richard Ramirez,stuarttodd@brown.com,2024-01-26,French Southern Territories
625,Stephanie Russell,sandersmary@gmail.com,2023-04-17,Bouvet Island (Bouvetoya)
626,Kathryn Martinez,pwilkerson@hotmail.com,2023-01-18,Sierra Leone
627,Erin Silva,selenarobinson@gmail.com,2023-03-01,Croatia
628,Jessica King,sferguson@stewart.info,2024-03-29,Egypt
629,Sherry Giles,tbaldwin@gmail.com,2024-02-29,United Kingdom
630,Sarah Bates,johnnycruz@mullen.com,2023-12-05,Tonga
631,Jeremy Smith,kevin34@gmail.com,2024-08-13,Tuvalu
632,Jeffrey Stewart,hillchristopher@yahoo.com,2023-10-16,Saint Pierre and Miquelon
633,Ryan Love,hollyhunter@fisher-daniel.net,2024-05-11,Greece
634,Alexander Williams,igibbs@morales.com,2023-06-16,Montserrat
635,Christopher Black,usparks@mendoza-moss.com,2023-02-27,Poland
636,Erin Campbell,zrichardson@duffy-wilkerson.com,2022-11-01,Yemen
637,Justin Salazar,mccannjames@christian.org,2023-05-06,Canada
638,Jacob Valentine,higginsryan@wilcox-snyder.com,2024-04-22,Costa Rica
639,Scott Casey,breyes@gmail.com,2024-01-25,Cuba
640,Diane Byrd MD,anthonycherry@gmail.com,2024-02-07,Korea
641,Jaclyn Sutton,smithdean@yahoo.com,2024-04-06,Indonesia
642,Michelle Erickson,davisbrian@yahoo.com,2024-10-08,Dominica
643,Hector Obrien,kingchristine@madden-lambert.com,2024-09-08,Moldova
644,Christopher Jackson,natalie21@yahoo.com,2024-04-19,Malta
645,David Edwards,rsavage@ward.com,2024-02-04,Switzerland
646,Deborah Edwards,jillian72@farrell.com,2023-03-11,Canada
647,Clifford Harrison,fgraham@alexander.net,2023-10-27,Kuwait
648,Ryan Camacho Jr.,mirandawhite@brady.org,2024-09-06,Panama
649,Lauren Bonilla,pknapp@rhodes-clay.com,2023-05-24,Pitcairn Islands
650,Mrs. Jacqueline Hickman,eric17@keller.org,2024-03-10,Albania
651,Andrew Dean,stacey92@gmail.com,2024-08-16,Australia
652,Diane Yates,qdavis@allen.com,2022-10-31,Timor-Leste
653,James Powell,evanslaurie@drake.com,2023-07-21,Papua New Guinea
654,Jacob Gonzalez,kalvarez@hotmail.com,2023-09-09,Bermuda
655,Rita Austin,gdavis@yahoo.com,2023-10-11,Philippines
656,Michael Moore,robertssamuel@yahoo.com,2023-06-06,Canada
657,Miss Elizabeth Wright,ashley81@gmail.com,2023-11-18,Botswana
658,Jennifer Marshall,jonathan18@gmail.com,2023-01-12,Saint Vincent and the Grenadines
659,Cassie White,millernancy@yahoo.com,2023-06-16,Myanmar
660,Nicole Cole,tammy23@gmail.com,2022-12-15,San Marino
661,Mrs. Megan Hamilton,fosteralexander@woods.org,2024-05-01,Libyan Arab Jamahiriya
662,Robert Jensen,christopher20@gmail.com,2023-01-10,Suriname
663,Wesley Trevino,pwong@graham.net,2023-03-13,Benin
664,John Wells,martinelijah@wallace.info,2024-01-13,Ecuador
665,Keith Bass,alan66@mclaughlin-larson.net,2023-05-29,Argentina
666,Mr. Kevin Carr,jenniferrice@yahoo.com,2024-01-06,Germany
667,Debra Wong,simpsonsheila@yahoo.com,2023-09-29,Qatar
668,Christopher Barber,samuel83@hotmail.com,2024-09-21,Poland
669,Lance Kirby,nicolesharp@yahoo.com,2023-09-04,Syrian Arab Republic
670,Marissa Ward,christycampbell@hotmail.com,2022-12-21,Papua New Guinea
671,Mr. Christopher Vasquez,ntorres@hotmail.com,2022-11-21,Andorra
672,Dean Rhodes,romanmatthew@williamson.net,2023-04-08,Libyan Arab Jamahiriya
673,Gerald Kelly,paula89@garcia.info,2024-07-30,Saudi Arabia
674,Brian Bishop,romerogary@pitts.com,2024-05-03,French Guiana
675,Pamela Jimenez,deborahcook@martinez.info,2023-09-03,Seychelles
676,Danielle Lamb,william14@yahoo.com,2024-04-23,Saudi Arabia
677,Mark Sanchez,devinpatterson@yahoo.com,2024-09-12,Kuwait
678,Kelli Fleming,athomas@drake.com,2023-08-23,Sierra Leone
679,Antonio Malone,levinetina@liu.net,2024-08-24,Gabon
680,Emily Cooper,isabellagriffin@gmail.com,2024-09-04,Mauritius
681,Lisa Ramos,trowe@gmail.com,2022-11-13,Martinique
682,Neil Singh,jason88@boyd-sherman.com,2022-11-03,Antarctica (the territory South of 60 deg S)
683,Kimberly Green,hbenitez@hotmail.com,2022-12-01,Tajikistan
684,Mark Gomez,westashley@chavez.org,2023-12-29,Rwanda
685,Lori Ferguson,kevin92@gray.net,2024-01-11,Congo
686,Heather Garcia,dmiller@yahoo.com,2024-09-05,Bulgaria
687,Jeremy Wood,lwiggins@yahoo.com,2024-02-22,Jamaica
688,Melissa Gould PhD,drewmartinez@hotmail.com,2023-10-06,Bulgaria
689,Kayla Rice,vkennedy@raymond.com,2024-01-26,Timor-Leste
690,Bryan Armstrong,davidtorres@turner-tucker.com,2023-02-03,Slovenia
691,Amber Shannon,isaacsingh@gmail.com,2023-01-19,Mayotte
692,Seth Butler,ymccullough@yahoo.com,2023-10-20,Syrian Arab Republic
693,Lisa Gill,jcontreras@hotmail.com,2023-06-25,Benin
694,Mary Ortiz,cmorgan@wu.com,2024-04-17,Anguilla
695,Rebecca Zimmerman,leechristine@todd.info,2023-11-10,Ukraine
696,Matthew Schmidt,kristin39@miller-ferguson.com,2023-08-24,Myanmar
697,Scott Johnson,robertheath@yahoo.com,2023-08-08,Equatorial Guinea
698,William Weaver,iantate@gmail.com,2023-06-11,Zambia
699,Christopher Mendez,anthonybrown@yahoo.com,2022-12-31,Ghana
700,Steven Scott,harriskaren@young.com,2023-05-13,Bahamas
701,Juan Jones,bschultz@spencer-willis.com,2023-04-25,Serbia
702,Rachel Torres,omiller@hotmail.com,2023-03-23,Slovenia
703,Jacqueline Galloway,jali@williams-hess.org,2023-05-28,Palau
704,April Mahoney,carla65@hotmail.com,2023-03-30,Mozambique
705,Diana Martin,christopher12@hawkins.org,2023-11-12,Spain
706,Michael Cooper,qnelson@yahoo.com,2023-07-08,Cote d'Ivoire
707,Kyle Smith,lynchadam@chambers.net,2024-09-10,Qatar
708,Pamela Medina,staffordlisa@chambers-gomez.biz,2024-07-19,Nepal
709,Christopher Tate,fordsharon@smith-paul.com,2024-03-27,Uruguay
710,Cheryl Velasquez,jimsnyder@yahoo.com,2022-11-13,Fiji
711,Michael Obrien Jr.,kaneashley@yahoo.com,2023-02-25,Mexico
712,Patrick Chambers,chapmanjulie@green.com,2024-08-30,Maldives
713,Denise Abbott,erin70@davidson-hahn.com,2024-08-09,Wallis and Futuna
714,Ryan Russell,hsimpson@stephenson.com,2023-05-19,Uruguay
715,Jerry Smith,christopher90@perez.com,2023-03-17,Chad
716,Arthur Garrett,breynolds@robles.com,2023-01-07,Lebanon
717,Glen Brown,sherryparsons@hotmail.com,2023-09-21,Serbia
718,Jeremy Martinez,bennettpamela@brown.info,2022-11-27,Gabon
719,Jessica Garcia,phillipspatrick@williamson.com,2024-08-17,Nepal
720,Lori Chavez,nhobbs@gmail.com,2023-07-06,Pakistan
721,Rachel Gibson,danielsmith@hotmail.com,2022-12-07,Namibia
722,Cheryl Berry,robert97@gmail.com,2023-04-22,Burundi
723,Amy Collins,larry82@gmail.com,2023-10-15,Georgia
724,Donna Cordova,younglori@trevino.com,2024-02-25,United States of America
725,Barry Lopez,vgreene@hotmail.com,2023-12-29,Grenada
726,Jennifer Martin,crawfordsamantha@hotmail.com,2023-04-07,Puerto Rico
727,Marcus Allen,lharris@gmail.com,2023-07-24,Algeria
728,Alvin Wilson,llee@yahoo.com,2022-11-19,Antarctica (the territory South of 60 deg S)
729,Duane Robinson,matthewspencer@gmail.com,2023-03-17,Angola
730,Dennis Garcia,hpena@boyle-torres.com,2023-07-30,Sudan
731,Christopher Rose,wilsonnicole@gmail.com,2024-06-24,Comoros
732,James Brooks,samanthahines@hotmail.com,2023-03-11,Timor-Leste
733,Rachel Murphy,monique89@clark-miller.info,2024-06-21,Panama
734,Carol Hughes,lstone@yahoo.com,2024-04-21,Holy See (Vatican City State)
735,Karen Sosa,bianca90@gmail.com,2023-04-04,Ukraine
736,Scott Foster,koneal@gmail.com,2024-10-11,Tajikistan
737,Joshua Taylor,sean53@williams.info,2023-10-14,Jersey
738,Robert Stewart,whitejesus@hotmail.com,2022-12-13,Guinea-Bissau
739,Elizabeth Shaw,sara11@ward.com,2023-07-02,Congo
740,Danielle Mcgee,janicebolton@hotmail.com,2024-05-12,Mauritius
741,Alexa Evans,lbautista@hotmail.com,2022-10-25,Latvia
742,Virginia Lynn,jeremycurry@yahoo.com,2023-04-15,Malaysia
743,Kristen Harrison,latoya53@yahoo.com,2024-06-05,Western Sahara
744,Christine Cole,don24@smith.com,2023-04-09,Italy
745,Paul Farmer,brenda90@gmail.com,2023-02-12,Zambia
746,Laura Lloyd DVM,zharris@gmail.com,2023-12-05,Hungary
747,Brian Hudson,christopher18@gmail.com,2022-11-09,Sweden
748,Katherine Lopez,ocampbell@keller-jones.com,2023-07-29,Malaysia
749,Gabriel Browning,veronicaanderson@yahoo.com,2023-10-22,Samoa
750,Troy Glenn,kylemeyers@wells.org,2023-03-22,Macao
751,Judy Harris,zbrown@aguirre.info,2023-10-08,Kyrgyz Republic
752,Nancy Roberts,isabella46@hotmail.com,2024-07-16,Sudan
753,Jennifer White,qcruz@gmail.com,2024-04-10,Mongolia
754,Michael Williams,nicole84@hendricks.com,2024-09-20,Lithuania
755,Philip Martinez,camposwilliam@yahoo.com,2023-08-30,Korea
756,Daniel Williams,fowleremma@james-reese.com,2023-08-20,Argentina
757,Brian Stark,ewashington@gmail.com,2023-12-15,Palestinian Territory
758,Travis Taylor,georgesmith@gmail.com,2023-03-02,French Polynesia
759,Patrick Jackson,eric52@klein.net,2023-04-01,Kenya
760,Sara Cain,cvaughn@george.biz,2024-06-02,Cook Islands
761,Jade Allen,fisherveronica@hoover-frazier.com,2023-04-05,Turkmenistan
762,Russell Beck,perrydaniel@morris-sims.org,2023-03-25,Vietnam
763,Teresa Martinez,kellyglenn@valdez-smith.com,2023-10-07,Cyprus
764,Robert Santos,jonesjeffery@yahoo.com,2024-06-03,Nepal
765,Dr. Micheal Moody DVM,susan95@horton.com,2023-06-30,China
766,Stacey Stewart,rogerscharlotte@hotmail.com,2023-09-29,Hong Kong
767,Natalie Gordon,andrewblake@parker.biz,2024-05-26,Ecuador
768,Amy Brooks,edwardharris@gmail.com,2023-04-18,Uzbekistan
769,Virginia Wallace,joshuaschneider@gmail.com,2023-11-24,Somalia
770,Maria Roberts,melanierivera@harris.com,2024-06-29,Poland
771,Courtney Salas,scottsmith@yahoo.com,2022-12-09,Zimbabwe
772,Mark Thomas,christopherwatkins@young.biz,2024-05-01,Lao People's Democratic Republic
773,Nathan Sanchez,kevinray@harris.com,2023-08-21,Honduras
774,Jeremy Wagner,lorileon@gmail.com,2024-05-29,Hong Kong
775,Bradley Knox,angelathompson@yahoo.com,2023-10-11,Gambia
776,James Obrien,derrick73@hendricks.com,2024-08-15,Macao
777,Jacqueline Sullivan,xwaller@yahoo.com,2023-10-31,Gambia
778,Leah Ortiz,cruzariel@hines.com,2023-11-15,Russian Federation
779,Michael Horton DDS,johnjohnson@yahoo.com,2024-02-18,Romania
780,Melissa Brewer,jblackburn@yahoo.com,2023-04-26,Netherlands Antilles
781,Mary Martin,newmansabrina@mccarthy-mccann.com,2023-11-22,United States of America
782,Jay Gallegos,vincent86@hotmail.com,2023-06-12,Saint Martin
783,Shawn Luna,fieldskimberly@olsen-adams.com,2024-10-07,San Marino
784,Eric Benitez,daviskim@yahoo.com,2023-11-27,Israel
785,Morgan Jackson,janegonzalez@gmail.com,2023-11-10,Yemen
786,Keith Lewis,bradylisa@green.info,2024-02-14,United States Minor Outlying Islands
787,Sheena Martin,grayjoshua@yahoo.com,2022-11-08,Mozambique
788,John Hodges,adamsstephanie@aguilar.net,2024-06-21,Albania
789,Joseph Hayden,vkennedy@hotmail.com,2023-09-14,Guadeloupe
790,Steve Key,elizabeth69@hester.com,2022-10-18,Korea
791,Jennifer Houston,guzmanmisty@tapia-walton.com,2023-07-29,Korea
792,Mary Alvarez,aaronlittle@yahoo.com,2022-10-28,Norfolk Island
793,Angel Aguirre,fhall@yahoo.com,2024-05-12,New Caledonia
794,Hannah Crosby,navarrokelly@gmail.com,2024-04-20,Cambodia
795,Sherri Glover,tylermiller@davies.info,2023-01-13,Liberia
796,Cynthia Lewis,grahamjennifer@hickman.biz,2024-06-02,Fiji
797,David Alvarez,sandraschultz@davis-holt.com,2024-10-08,Montserrat
798,Lindsay Schneider,yvaldez@hotmail.com,2024-08-10,Jordan
799,Courtney Wilson,davisjoy@garner.org,2023-07-28,Brunei Darussalam
800,Tiffany Ray,bryan83@whitney-flores.com,2024-06-26,Philippines
801,Beth Alvarado,fosteramanda@stewart-cabrera.com,2024-07-27,Cyprus
802,Mr. Kyle Thomas DDS,kyle14@berry.com,2024-04-14,Honduras
803,Robert Hernandez,isabellawilliams@gates.biz,2023-06-05,Suriname
804,Sarah Ritter,roberto75@yahoo.com,2023-08-15,Barbados
805,Diane Horton,udavis@glenn.com,2023-10-06,Palau
806,Chad Dominguez,jasonbrock@gmail.com,2024-05-09,Pakistan
807,Nicholas Johnston,bclements@skinner.info,2023-03-04,Western Sahara
808,William Santos,courtneypowell@gmail.com,2023-01-16,Dominican Republic
809,Eric Carlson,yparsons@barrett.biz,2023-05-17,Niue
810,Holly Wilson,burnselizabeth@walker.info,2023-05-16,Puerto Rico
811,Rebecca White,ievans@gmail.com,2023-06-25,Bahrain
812,Shannon Medina,longlisa@hotmail.com,2023-10-30,Bahrain
813,Lauren Reeves,tammymerritt@atkins.com,2022-10-20,Micronesia
814,Ernest Williams,christopherscott@miller.net,2023-06-04,Haiti
815,Carolyn Rowland,kevinshah@conway.com,2024-01-07,Liechtenstein
816,Kelly Andersen,haileybates@gmail.com,2023-04-18,Argentina
817,Elijah Wall,brittanyramirez@dean.biz,2024-03-03,United Kingdom
818,Jesus Duffy,amandajones@hotmail.com,2023-05-13,Norfolk Island
819,Cheryl Watson,uunderwood@gray-maynard.com,2022-12-15,Faroe Islands
820,Brian Kelley,danielle55@thomas-yates.com,2022-10-23,Bolivia
821,Wayne Gray,thompsonjessica@chapman-roman.com,2023-11-30,Guernsey
822,Sharon Arnold,jacksonstacey@white-shaffer.net,2023-12-18,Nauru
823,Jennifer Vargas,parksjennifer@hotmail.com,2023-01-22,Cambodia
824,Nicolas Brown,erikabarnes@yahoo.com,2023-03-07,Kazakhstan
825,Dr. Kathryn Hill,kevinhodge@yahoo.com,2023-08-27,Sierra Leone
826,Brandon Miller,martinbrian@mitchell.com,2023-09-10,Philippines
827,Monica Castillo,msmith@smith.com,2023-04-23,Saint Vincent and the Grenadines
828,Tami Kidd,roconnell@mckee.com,2023-11-18,Guinea
829,Jenny Gray,morganerika@hotmail.com,2024-08-06,Seychelles
830,Donna Webb,aaronwelch@yahoo.com,2023-04-02,Uzbekistan
831,Timothy Day,fstafford@kelly.info,2023-06-28,French Southern Territories
832,Aaron Zamora,ggomez@vasquez-miller.net,2024-09-12,Cape Verde
833,Thomas Smith,thomasbrooks@yahoo.com,2023-09-13,Uganda
834,Robert Rodriguez,wmartin@hotmail.com,2023-09-18,Albania
835,Seth Gonzalez,billy66@rivera.info,2024-03-15,Ethiopia
836,John Simpson,karen68@mclean.com,2023-01-07,Somalia
837,Christopher Porter,gregorymatthew@mclaughlin.info,2022-12-19,Senegal
838,Luke Daniel,juanwilson@gamble-wright.biz,2023-03-19,Lebanon
839,Rhonda Haynes,victoriagarza@hernandez.com,2023-03-14,Vanuatu
840,Alan Gonzalez,trussell@schultz.info,2022-12-02,Madagascar
841,Anthony Rodriguez,sherry63@yahoo.com,2024-09-10,Australia
842,Aaron Guerrero,justinramirez@hotmail.com,2023-01-02,Jersey
843,Travis Cox,davisalexander@hotmail.com,2024-06-05,Tokelau
844,Isaac Patrick,debraclark@yahoo.com,2022-12-22,Tuvalu
845,Mark Guzman,jamesgriffin@jones.org,2023-07-09,Gabon
846,Wanda Harris,andersonrobert@king.net,2023-07-12,Ukraine
847,Mark Wilson,webbalexandra@hotmail.com,2024-06-21,Angola
848,Donald Ponce,sosabruce@hotmail.com,2023-03-12,Saint Vincent and the Grenadines
849,Kathleen Patel,samuelhicks@chan.com,2022-10-18,Cayman Islands
850,Leslie Smith,kevin34@hotmail.com,2023-05-12,Mexico
851,Danny Ferguson,bowmansheri@yahoo.com,2024-10-05,Burkina Faso
852,Richard Day,amandasmith@chen-compton.com,2022-12-19,Yemen
853,Kirsten Bowen,mark00@yahoo.com,2023-04-04,Saint Martin
854,Cassandra Bonilla,qbautista@walters.com,2023-06-24,Ethiopia
855,Mark Garrison,seanblair@yahoo.com,2023-07-29,Cameroon
856,Anna White,jacobhenry@white.com,2024-07-11,India
857,Chelsea Thomas,spencerbrewer@yahoo.com,2023-01-01,Saint Kitts and Nevis
858,Monica Morton,hcruz@hines.com,2023-01-26,Egypt
859,Debra Mays,rosariodaniel@meyers.com,2023-10-24,Senegal
860,Jill Martin,dmoore@hotmail.com,2024-04-05,Ethiopia
861,Barbara Bryan,curtis62@barr.com,2023-09-12,Hungary
862,Matthew Perez,vasquezvicki@gmail.com,2023-01-03,Zimbabwe
863,Heather Gilbert,sandra10@hernandez.com,2024-03-26,Jamaica
864,Michael Turner,nancy47@hotmail.com,2023-07-29,Venezuela
865,Terry Lindsey,kimberlythomas@myers.info,2024-07-09,Bangladesh
866,Jeffrey Acosta,morrisdavid@gomez-snyder.info,2024-04-06,Isle of Man
867,Mallory Taylor,fbarnes@ferguson.biz,2022-12-19,Morocco
868,Kelsey Frank,youngaaron@cox.com,2024-09-30,Bouvet Island (Bouvetoya)
869,Gregory Allison,steven86@clark.com,2024-05-18,Burundi
870,Michael Thomas,swatson@bates.info,2024-07-27,Nauru
871,Amanda Diaz,chriscarroll@hernandez-white.com,2024-05-19,Malta
872,Elizabeth Jenkins,sharrington@gmail.com,2023-05-26,Bouvet Island (Bouvetoya)
873,Stanley Johnson,alexwall@vaughan.com,2024-09-28,Montenegro
874,Michelle Henderson,teresa86@paul.org,2022-11-28,Cyprus
875,Rodney Daugherty,pwoods@sullivan.com,2024-03-01,Jamaica
876,Brian Miller,allenfrancisco@gmail.com,2022-12-05,Croatia
877,Nicole Parker,allenchristopher@cunningham.com,2022-11-22,Germany
878,Eric Hooper,uporter@yahoo.com,2024-05-01,Guinea-Bissau
879,Michele Davis,shawkimberly@gmail.com,2024-01-15,South Africa
880,Kevin Christian,edwardford@hotmail.com,2022-12-27,Zambia
881,Stacey Aguirre,victoriamason@franklin.info,2024-06-17,Bulgaria
882,Isaac Chase,macdonaldkim@yahoo.com,2023-04-19,Cote d'Ivoire
883,Lisa Rubio DDS,ballarddouglas@yahoo.com,2023-12-14,Trinidad and Tobago
884,Rachael Miller,sedwards@jones.com,2023-07-17,Benin
885,Michael Murray,kathryn72@gmail.com,2023-12-31,Libyan Arab Jamahiriya
886,Scott Morales,nrichardson@brooks-fleming.net,2023-09-30,Estonia
887,Wendy Williams,hollycastro@farrell.biz,2023-02-15,Mongolia
888,Benjamin Price,baileytaylor@hotmail.com,2024-09-14,Svalbard & Jan Mayen Islands
889,Brady Dennis,vgonzalez@gmail.com,2023-06-19,Guam
890,Katelyn Park DDS,jjohnson@yahoo.com,2023-02-06,Northern Mariana Islands
891,Keith Huerta,mayermichael@yahoo.com,2023-10-18,Croatia
892,Sean Cisneros,johnny21@gmail.com,2022-12-08,Falkland Islands (Malvinas)
893,Edwin Joseph,elizabethgreen@gmail.com,2022-12-26,Ukraine
894,Gloria Mullins,michaelbarnes@nichols-bowers.biz,2023-07-18,United States Minor Outlying Islands
895,Jasmine Smith,sharpbeth@morris.com,2022-10-27,Canada
896,Taylor Porter,conneremily@yahoo.com,2023-11-24,Saint Helena
897,Jerry Wall,lfowler@johnson.com,2023-09-07,Qatar
898,Carol Gray,stephaniebonilla@hotmail.com,2022-10-27,Heard Island and McDonald Islands
899,Alexis Mosley,dbanks@jenkins-bell.net,2023-09-11,Maldives
900,Gabriella House,jbrooks@hotmail.com,2023-02-19,Mauritania
901,Dustin Keller,jacqueline11@gmail.com,2022-12-24,Pakistan
902,Timothy Garcia,zgordon@contreras.com,2023-04-07,Singapore
903,James Gonzalez,belllaura@yahoo.com,2023-09-01,United States of America
904,Michele Figueroa,kimberly84@hobbs-baker.biz,2024-03-21,Dominican Republic
905,Terry Johnson,krystalrandall@wilkins.org,2023-09-15,Dominican Republic
906,Jenna Jensen,solisbecky@gmail.com,2024-10-14,Norfolk Island
907,Nicholas Powell,samuelgarcia@gmail.com,2023-11-11,British Indian Ocean Territory (Chagos Archipelago)
908,Rachel Cameron,stacyharris@gmail.com,2022-11-04,Jordan
909,Randy Hernandez,ujohnson@lucero.com,2023-03-09,Dominican Republic
910,Courtney Lee,qtownsend@hill.com,2024-02-23,Morocco
911,Ashley Ho,thomasjose@davis.com,2024-09-23,Taiwan
912,Brian Pope,tuckerconnie@gmail.com,2024-04-01,Italy
913,Erik Odonnell,kentberger@bradley.com,2023-07-12,Liberia
914,Lindsay Smith DDS,leeanthony@gmail.com,2023-11-22,Malawi
915,Cindy Diaz,murphyjeffrey@holt.com,2022-12-26,Guernsey
916,Marissa Owens,zhunt@gmail.com,2023-04-28,China
917,Ryan Love,silvakatie@yahoo.com,2023-02-21,South Africa
918,Nathan Hamilton,rcarlson@yahoo.com,2024-02-11,Botswana
919,Jessica Bradley,colepamela@hotmail.com,2023-04-30,Myanmar
920,Larry Wiley,ljohnson@yahoo.com,2023-09-14,Somalia
921,David Lewis,dustin51@gmail.com,2023-06-20,Portugal
922,Gary Marshall,annacruz@hotmail.com,2023-03-29,Mali
923,Justin Moran,bfleming@li-gonzalez.com,2024-06-30,Lithuania
924,Dr. Jason Martinez Jr.,byoung@yahoo.com,2022-10-29,Norway
925,Laura Smith,david60@hotmail.com,2024-09-28,Malta
926,Matthew Jones,rcummings@molina-ross.net,2024-06-08,Germany
927,Anthony Evans DVM,cameronsharon@gmail.com,2022-11-07,Czech Republic
928,Adam Garcia,fperez@gmail.com,2024-04-30,United Arab Emirates
929,Rose Medina,greenkristen@williams.com,2023-05-08,Greenland
930,Rebecca Gray,brandywilson@atkins-mullins.biz,2024-02-22,Kiribati
931,Kelly Allen,ubray@hotmail.com,2023-10-25,Czech Republic
932,Ralph Dawson,donnamoss@gmail.com,2024-04-07,Belarus
933,Johnny Lewis,mcardenas@garcia-clark.org,2024-05-29,Malta
934,Emily Blackburn,melaniegarcia@gmail.com,2023-04-03,United States Virgin Islands
935,William Parrish,rlopez@martin-parker.org,2024-03-02,Bosnia and Herzegovina
936,Shawn Mcgee,shannonjacob@alvarez.info,2023-07-16,Estonia
937,Joshua Gomez,randyjordan@brown-nelson.com,2022-11-23,Pakistan
938,Timothy Lee,rthompson@lawson.com,2024-03-01,Egypt
939,Colleen Brown,john81@perez-oliver.biz,2023-08-16,India
940,Nicholas Suarez,yharris@gmail.com,2023-07-13,Northern Mariana Islands
941,Kyle Gross,wesleygraves@stevenson-phelps.com,2023-02-25,Germany
942,Carol Cook,suzannewade@yahoo.com,2023-07-02,Angola
943,Dennis Jones,tara90@marks-kennedy.com,2024-07-13,Andorra
944,Wanda Conley,kimberlygarcia@rogers.net,2023-05-03,Panama
945,Mr. Adam Gomez,rrodriguez@hotmail.com,2024-05-03,Northern Mariana Islands
946,William Chase,tyler39@dominguez.com,2023-03-15,Uruguay
947,Margaret Sheppard,josephshelton@yahoo.com,2023-08-15,Myanmar
948,Xavier Parker,mary16@knight-sparks.com,2023-05-28,Bouvet Island (Bouvetoya)
949,Kathryn Jennings,alexandraroberts@hotmail.com,2024-03-14,Central African Republic
950,Dwayne Marsh,swilliams@martinez.com,2024-03-11,Syrian Arab Republic
951,David Bell,stephaniereeves@gmail.com,2024-05-07,Congo
952,Thomas Carter,pfitzpatrick@walsh.com,2024-09-08,Eritrea
953,Linda Thompson,linda23@yahoo.com,2023-01-29,Israel
954,Elizabeth Miller,nicholasliu@yahoo.com,2022-12-29,Burundi
955,Melissa Gordon,dgomez@yahoo.com,2023-08-30,Kyrgyz Republic
956,Justin Bernard,camposchristina@yahoo.com,2024-06-17,Ecuador
957,Jacqueline Oliver,camposphilip@yahoo.com,2024-03-19,Albania
958,Phillip Holmes,brownmaria@rodriguez.org,2023-10-24,Portugal
959,Antonio Yang,zacharyhart@taylor-jacobson.com,2023-06-06,Nigeria
960,William Smith,dannysmith@hotmail.com,2024-08-29,British Indian Ocean Territory (Chagos Archipelago)
961,Danielle Garcia,hmyers@sullivan-mcgrath.com,2024-07-30,Thailand
962,Samantha Maldonado,bthomas@thomas.com,2023-02-25,Madagascar
963,Kimberly Alvarez,elizabeth97@yahoo.com,2024-03-17,Falkland Islands (Malvinas)
964,Michael Rodriguez,shernandez@yahoo.com,2023-01-17,Monaco
965,Kevin Johnson,odonnellmichael@gmail.com,2023-10-14,Turkmenistan
966,Destiny Holden,michaelmccarthy@yahoo.com,2023-11-18,Bahrain
967,Christian Rios,yespinoza@gmail.com,2023-05-20,Slovenia
968,Elizabeth Long,mestes@hotmail.com,2023-03-05,Montserrat
969,Katie Hopkins,heidichapman@hotmail.com,2023-07-13,Mozambique
970,Jennifer Williams,colinrodriguez@alvarez.com,2023-01-05,United Arab Emirates
971,Monica Cruz,brownjohn@gmail.com,2024-08-03,San Marino
972,Phillip Obrien,manuelhale@anderson-walsh.net,2023-03-20,Congo
973,Jeffrey Mitchell,ryanrice@miller.com,2023-03-23,Antigua and Barbuda
974,Stephanie Ward,petersonfaith@hotmail.com,2024-02-26,Malta
975,Ronnie Hudson MD,christine82@gmail.com,2023-09-21,Japan
976,Shelly Carroll,craig73@guzman.com,2023-04-08,Swaziland
977,Tammy King,brennaneric@yahoo.com,2022-12-13,Marshall Islands
978,Sarah Frederick,imontgomery@hotmail.com,2024-09-07,Bouvet Island (Bouvetoya)
979,Taylor Mercer,morganjose@barron-brown.com,2023-12-14,Svalbard & Jan Mayen Islands
980,Tammy Alvarado,trevorshaffer@strong.com,2023-07-11,Barbados
981,Linda Salazar,rpotts@williams.com,2023-09-16,Lesotho
982,Samuel Mata,johnsonkimberly@ferguson.com,2023-12-19,Liberia
983,Ralph Dominguez,hdunn@yahoo.com,2023-01-15,Ukraine
984,Stephanie Bell,phull@gmail.com,2022-12-26,Myanmar
985,Jason Goodwin,marksjohn@jones.info,2023-03-05,Finland
986,Gregory Rios,david67@martinez.net,2023-03-24,Lithuania
987,Robin Hurst,xmarquez@carter.com,2023-06-20,Qatar
988,Ashley Reed,nramirez@gmail.com,2024-07-30,Maldives
989,Patrick Clark,barryyoung@yahoo.com,2024-03-03,Serbia
990,Brian Porter,joshua64@brown.biz,2023-11-04,Andorra
991,Janice Williams,blopez@williams.com,2024-10-12,Anguilla
992,Nicole Rogers,katherinepeterson@hotmail.com,2023-09-18,Tonga
993,Nicholas Moss,transtephanie@mitchell.biz,2024-01-03,Saint Helena
994,Kelly Martin,preese@gmail.com,2024-09-20,American Samoa
995,Michael Hill,matthew60@hill.org,2022-10-25,British Virgin Islands
996,Matthew Huff,cford@owens.info,2024-02-23,Tanzania
997,Jennifer Riley,penny85@alexander.com,2023-05-05,Trinidad and Tobago
998,Darren Thompson PhD,dannyjohnson@hunter.net,2024-04-25,Denmark
999,Miguel Green,gregorymeredith@yahoo.com,2023-12-09,Saint Barthelemy
1000,David Rodriguez,dixonjoel@yahoo.com,2024-01-02,Holy See (Vatican City State)
